timestamp,direction,signal_quality,attention,meditation,raw,delta,theta,low_alpha,high_alpha,low_beta,high_beta,low_gamma,mid_gamma
1769229571.7708955,DOWN,0,66,36,0,18,31,27,18,39,20,32,20
1769229578.797649,IDLE,0,45,38,0,23,71,44,19,44,36,31,23
1769229585.8270812,LEFT,0,35,34,0,38,44,53,20,67,30,31,27
1769229592.858345,UP,0,37,56,0,21,30,52,38,30,47,36,43
1769229599.8844252,LEFT,0,30,62,0,4,28,44,45,35,48,28,30
1769229606.9107966,LEFT,0,42,45,0,42,51,48,28,30,38,34,31
1769229613.9384332,UP,0,0,0,0,30,63,19,14,20,53,34,35
1769229620.9702327,UP,0,77,23,0,37,37,20,12,35,32,26,38
1769229627.9990046,CLICK,0,44,39,0,41,27,51,35,34,26,41,32
1769229635.027624,IDLE,0,61,34,0,24,36,27,16,32,29,20,30
1769229642.0560105,RIGHT,0,52,34,0,16,31,55,33,52,46,27,17
1769229649.0859456,RIGHT,0,0,0,0,34,70,20,40,35,34,27,29
1769229656.1138048,CLICK,0,71,37,0,15,42,21,15,40,33,36,28
1769229663.1431882,RIGHT,17,0,0,0,50,28,50,24,29,16,31,29
1769229670.1735222,CLICK,8,0,0,0,50,28,50,24,29,16,31,29
1769229677.200353,RIGHT,0,47,42,0,35,31,41,43,27,22,29,26
1769229684.2293468,CLICK,3,0,0,0,3,28,14,33,32,39,43,29
1769229691.2567203,IDLE,0,0,0,0,34,35,35,14,38,38,38,37
1769229698.284069,DOWN,0,0,0,0,25,71,29,29,26,34,22,33
1769229705.3107488,UP,8,0,0,0,50,37,31,25,42,29,37,28
1769229712.337116,CLICK,0,0,0,0,50,37,31,25,42,29,37,28
1769229719.3636608,LEFT,11,0,0,0,77,21,16,24,29,34,28,26
1769229726.391297,LEFT,9,0,0,0,77,21,16,24,29,34,28,26
1769229733.4201653,CLICK,12,0,0,0,40,64,50,35,41,23,30,44
1769229740.4497736,RIGHT,2,0,0,0,29,44,17,45,47,45,31,34
1769229747.4776342,LEFT,0,0,0,0,25,11,25,17,47,49,33,20
1769229754.5101004,DOWN,0,47,48,0,33,45,63,23,56,38,39,28
1769229761.5376182,LEFT,1,0,0,0,19,64,26,38,31,36,44,32
1769229768.567032,UP,3,0,0,0,19,64,26,38,31,36,44,32
1769229775.5932972,DOWN,0,0,0,0,53,64,16,37,33,39,22,25
1769229839.1672528,IDLE,17,0,0,0,18,22,52,24,44,45,26,28
1769229846.1942773,IDLE,24,0,0,0,18,22,52,24,44,45,26,28
1769229853.222463,IDLE,23,0,0,0,18,22,52,24,44,45,26,28
1769229860.2512922,UP,0,40,51,0,8,34,57,52,24,37,36,19
1769229867.2795253,UP,0,0,0,0,7,49,22,49,45,29,30,39
1769229874.3051984,UP,0,0,0,0,38,50,36,21,40,50,39,25
1769229881.330404,IDLE,40,0,0,0,30,79,20,14,29,38,22,32
1769229888.3601906,CLICK,17,0,0,0,30,79,20,14,29,38,22,32
1769229895.3913126,IDLE,36,0,0,0,30,79,20,14,29,38,22,32
1769229902.4193614,CLICK,0,38,57,0,26,38,72,23,48,32,28,30
1769229909.4503093,IDLE,30,0,0,0,53,51,42,29,41,30,25,30
1769229942.0010474,LEFT,47,0,0,0,43,63,41,27,38,37,17,43
1769229949.0294604,IDLE,0,44,50,0,7,42,44,39,48,39,34,27
1769229956.0562716,DOWN,0,56,38,0,23,38,27,37,53,30,26,32
1769229963.082657,RIGHT,0,43,34,0,48,45,62,18,37,53,27,33
1769229970.111999,DOWN,0,0,0,0,25,44,64,33,54,32,34,34
1769229977.1417675,DOWN,0,0,0,0,37,40,24,7,44,18,29,22
1769229984.16866,LEFT,0,0,0,0,41,63,50,40,47,33,29,30
1769229991.1992383,IDLE,10,0,0,0,41,63,50,40,47,33,29,30
1769229998.229467,UP,0,0,0,0,29,65,48,20,22,26,24,31
1769230005.2585735,UP,0,0,0,0,20,65,24,30,11,36,15,32
1769230012.286924,CLICK,0,60,25,0,30,29,44,29,47,35,30,42
1769230019.3167655,UP,0,43,43,0,10,37,50,24,31,38,23,32
1769230026.3435826,CLICK,0,0,0,0,36,51,60,34,28,33,29,21
1769230033.3720198,UP,0,58,27,0,15,61,55,8,40,32,26,38
1769230040.399539,LEFT,0,0,0,0,27,52,25,32,37,32,31,18
1769230047.4253469,IDLE,0,55,42,0,39,53,15,33,27,22,24,25
1769230054.4541636,LEFT,0,0,0,0,14,52,47,30,58,25,46,34
1769230061.4783795,UP,0,0,0,0,24,55,41,30,27,46,34,26
1769230068.5107577,UP,0,52,54,0,40,7,10,46,68,46,23,26
1769230075.5377965,UP,0,0,0,0,16,36,56,31,50,32,46,25
1769230082.5655878,DOWN,0,46,42,0,55,64,50,23,40,26,36,37
1769230089.5939486,RIGHT,0,63,29,0,33,37,32,27,29,34,27,33
1769230096.6221194,LEFT,0,0,0,0,28,42,24,46,46,29,26,19
1769230103.6497452,UP,0,44,58,0,16,43,39,20,49,26,48,42
1769230110.678394,UP,0,56,43,0,43,39,33,23,51,14,29,49
1769230117.707787,IDLE,0,29,65,0,19,62,74,25,57,30,35,30
1769230124.739781,LEFT,0,39,59,0,29,22,54,21,39,22,38,43
1769230131.7680922,UP,0,66,32,0,35,43,38,21,54,46,28,35
1769230138.794357,CLICK,0,55,36,0,18,53,31,31,35,36,35,43
1769230145.826518,CLICK,0,51,30,0,28,49,33,66,29,33,43,14
1769230152.8578024,IDLE,0,52,29,0,21,89,42,39,65,31,27,37
1769230159.883926,LEFT,0,40,39,0,10,57,61,39,36,30,33,17
1769230166.9150708,IDLE,0,0,0,0,35,74,22,35,53,21,30,25
1769230173.9416926,LEFT,0,57,36,0,34,59,17,39,31,39,23,41
1769230180.9728143,CLICK,0,0,0,0,33,67,6,47,28,21,40,25
1769230187.9996035,UP,0,58,35,0,29,45,21,40,48,52,23,33
1769230195.027478,DOWN,0,0,0,0,20,39,43,27,30,34,38,19
1769230202.0544176,DOWN,0,44,46,0,11,50,40,36,50,25,30,29
1769230209.0805917,DOWN,0,41,42,0,33,39,72,12,51,30,35,37
1769230216.1090262,LEFT,0,73,26,0,14,27,24,23,60,34,25,40
1769230223.137522,LEFT,0,0,0,0,6,59,69,19,40,39,44,34
1769230230.1647527,CLICK,0,0,0,0,18,31,19,19,42,33,30,36
1769230237.193673,DOWN,0,0,0,0,19,26,49,34,58,37,44,38
1769230244.222178,LEFT,0,0,0,0,30,60,57,18,36,40,36,37
1769230251.2482345,RIGHT,0,0,0,0,16,13,47,80,28,29,30,31
1769230258.275709,LEFT,0,0,0,0,35,50,36,39,52,37,39,30
1769230265.3021162,LEFT,0,0,0,0,20,49,22,24,36,57,28,41
1769230272.3312168,CLICK,0,53,40,0,23,38,33,20,46,36,31,32
1769230279.3580112,DOWN,0,44,36,0,12,54,64,42,50,20,26,34
1769230286.3832698,DOWN,0,47,39,0,34,24,47,25,28,40,50,35
1769230293.4098024,RIGHT,0,45,51,0,9,50,9,63,38,40,34,32
1769230300.4364324,DOWN,0,66,23,0,30,42,24,33,54,37,33,25
1769230307.4637632,DOWN,0,0,0,0,36,21,44,39,61,35,39,31
1769230314.4934468,IDLE,4,0,0,0,37,62,45,9,40,26,29,32
1769230321.5252707,UP,0,61,27,0,8,18,25,35,58,37,41,35
1769230328.5531917,CLICK,5,0,0,0,16,77,3,27,43,34,25,38
1769230335.5806086,DOWN,0,41,45,0,20,62,52,33,38,47,18,21
1769230342.608529,LEFT,0,0,0,0,51,50,56,34,21,32,28,34
1769230349.6359134,UP,0,0,0,0,6,46,49,20,26,32,35,38
1769230356.6630757,CLICK,0,0,0,0,28,56,38,35,46,29,28,38
1769230363.6919818,DOWN,3,0,0,0,28,56,38,35,46,29,28,38
1769230370.7228053,UP,0,0,0,0,28,25,52,51,39,18,38,35
1769230377.7521918,IDLE,0,0,0,0,33,36,11,41,31,44,34,37
1769230384.7791946,IDLE,2,0,0,0,45,30,40,48,30,24,45,44
1769230391.8073125,UP,0,53,26,0,39,94,49,23,32,41,39,33
1769230398.8353188,DOWN,0,0,0,0,41,10,52,27,36,31,36,26
1769230405.8617678,RIGHT,0,0,0,0,30,23,61,42,18,38,39,32
1769230412.892582,RIGHT,0,0,0,0,11,50,29,42,40,31,12,24
1769230419.919498,IDLE,0,0,0,0,28,78,11,21,29,25,37,20
1769230426.946196,RIGHT,0,50,39,0,20,33,47,41,41,41,31,37
1769230433.9734628,CLICK,0,0,0,0,13,47,25,21,23,28,28,38
1769230441.001728,DOWN,0,41,43,0,11,85,59,40,32,30,23,25
1769230448.0312183,CLICK,2,0,0,0,6,52,56,28,57,34,22,29
1769230476.5774045,IDLE,0,0,0,0,50,69,42,20,35,25,36,26
1769230483.6021652,LEFT,0,62,33,0,15,41,35,15,26,23,38,29
1769230490.630935,CLICK,0,51,39,0,26,97,32,28,23,41,45,22
1769230497.6589212,RIGHT,0,42,42,0,31,57,63,45,42,44,18,34
1769230504.6842318,IDLE,0,0,0,0,16,39,60,58,34,28,31,27
1769230513.214364,CLICK,4,0,0,0,57,59,13,23,64,18,22,23
1769230522.2431774,IDLE,0,41,55,0,12,46,37,70,81,39,44,36
1769230529.2688894,DOWN,0,44,39,0,12,52,48,9,51,35,41,21
1769230536.2967348,IDLE,0,47,42,0,26,42,43,42,48,22,42,23
1769230543.3268006,IDLE,0,46,52,0,5,46,24,57,31,32,21,29
1769230550.355132,DOWN,0,37,54,0,17,47,59,9,41,45,32,32
1769230557.3846142,RIGHT,0,43,36,0,5,49,45,58,34,30,35,31
1769230564.4131122,RIGHT,0,0,0,0,20,45,45,10,46,36,26,17
1769230571.4447882,CLICK,76,0,0,0,47,43,34,39,48,43,22,29
1769230578.4704332,IDLE,23,0,0,0,14,23,40,45,57,36,33,25
1769230585.496413,RIGHT,0,0,0,0,14,23,40,45,57,36,33,25
1769230592.5269969,LEFT,0,45,47,0,26,32,52,23,37,28,36,24
1769230599.554007,DOWN,0,0,0,0,14,51,33,35,64,34,31,52
1769230606.5808375,DOWN,0,0,0,0,24,65,50,26,46,41,15,23
1769230613.607268,DOWN,0,48,38,0,36,18,38,37,48,38,24,28
1769230620.6358764,RIGHT,0,0,0,0,25,38,28,30,26,41,34,34
1769230627.663469,CLICK,8,0,0,0,37,49,56,33,35,27,16,33
1769230634.6907954,LEFT,0,0,0,0,20,34,43,21,39,46,43,29
1769230641.7192876,UP,0,0,0,0,20,34,43,21,39,46,43,29
1769230648.760175,CLICK,0,0,0,0,27,52,51,45,32,31,32,29
1769230655.8294806,RIGHT,0,0,0,0,20,62,25,39,27,50,23,32
1769230662.8569777,RIGHT,0,0,0,0,37,50,79,49,60,33,34,19
1769230669.8848407,CLICK,0,0,0,0,11,36,58,43,55,27,35,26
1769230676.9156115,RIGHT,0,0,0,0,31,53,46,27,34,41,41,31
1769230683.9431915,CLICK,0,0,0,0,23,36,35,31,45,25,30,28
1769230690.9716828,CLICK,0,48,34,0,30,58,34,26,19,36,33,24
1769230698.0032072,CLICK,0,45,46,0,8,38,44,31,45,43,22,38
1769230705.0280092,LEFT,0,0,0,0,16,34,42,12,54,31,29,36
1769230712.056944,DOWN,0,0,0,0,5,33,85,16,44,26,26,25
1769230719.082061,DOWN,0,0,0,0,62,23,40,26,36,23,43,33
1769230726.112996,RIGHT,16,0,0,0,29,45,20,32,43,35,33,23
1769230733.142681,CLICK,10,0,0,0,29,45,20,32,43,35,33,23
1769230740.17241,CLICK,37,0,0,0,29,45,20,32,43,35,33,23
1769230747.1983807,RIGHT,0,0,0,0,29,45,20,32,43,35,33,23
1769230754.225157,DOWN,0,0,0,0,34,79,30,35,48,13,36,22
1769230761.2531517,CLICK,80,0,0,0,42,18,43,33,36,29,33,45
1769230768.2819066,LEFT,0,0,0,0,42,18,43,33,36,29,33,45
1769230775.3093474,CLICK,42,0,0,0,27,44,33,35,40,26,32,28
1769230782.3367922,LEFT,0,0,0,0,10,32,50,33,49,43,36,28
1769230789.3635335,UP,0,0,0,0,44,39,61,28,39,38,41,36
1769230796.3900435,RIGHT,0,0,0,0,51,32,29,24,47,32,21,29
1769230803.4210515,DOWN,115,0,0,0,42,68,49,39,54,24,35,26
1769230882.0069282,DOWN,0,0,0,0,13,78,6,23,38,41,21,31
1769230889.0344653,DOWN,0,47,45,0,11,16,52,52,25,45,27,33
1769230896.0627673,LEFT,0,0,0,0,36,44,40,28,37,41,32,38
1769230903.0889974,DOWN,12,0,0,0,16,87,22,20,56,20,36,21
1769230910.1157968,LEFT,0,47,36,0,32,52,28,47,60,26,36,44
1769230917.1464727,IDLE,0,0,0,0,28,84,31,25,40,47,33,20
1769230924.17301,IDLE,0,0,0,0,33,37,12,11,47,34,35,21
1769230931.2025106,UP,0,54,47,0,36,32,44,10,36,44,28,38
1769230938.2301042,UP,0,46,44,0,5,48,33,56,51,19,20,37
1769230945.2588286,DOWN,0,0,0,0,17,47,57,24,44,32,21,24
1769230952.2877889,CLICK,1,0,0,0,11,32,22,27,27,45,26,32
1769230959.314895,CLICK,0,63,38,0,10,38,13,40,33,44,30,29
1769230966.3433423,UP,0,50,46,0,24,48,55,11,52,32,32,37
1769230973.36785,RIGHT,0,0,0,0,42,64,31,25,35,39,24,40
1769230980.3973722,RIGHT,0,0,0,0,29,38,50,39,39,46,37,24
1769230987.4289105,IDLE,0,0,0,0,22,59,49,30,38,47,25,23
1769230994.458232,IDLE,0,47,42,0,28,81,33,37,41,43,39,41
1769231001.484007,UP,0,71,43,0,6,31,15,14,38,30,41,30
1769231008.5151455,IDLE,0,0,0,0,21,27,52,45,44,58,34,21
1769231015.5446754,RIGHT,0,0,0,0,46,43,46,49,53,33,30,38
1769231022.573052,UP,1,0,0,0,13,21,20,29,54,41,26,36
1769231029.6008372,IDLE,0,0,0,0,13,21,20,29,54,41,26,36
1769231036.6308465,IDLE,0,0,0,0,73,20,31,14,23,29,25,33
1769231043.6591346,IDLE,0,56,39,0,77,53,30,20,42,40,26,29
1769231050.6883707,CLICK,0,47,53,0,40,23,22,53,42,41,40,27
1769231057.7143564,CLICK,0,76,22,0,21,43,20,20,29,24,27,33
1769231064.7437391,LEFT,0,46,49,0,50,30,35,35,44,31,40,35
1769231071.7694724,DOWN,0,0,0,0,21,50,46,14,33,32,27,36
1769231078.7968247,CLICK,0,55,28,0,81,20,58,28,60,42,24,40
1769231085.828108,IDLE,1,0,0,0,50,80,14,28,43,37,26,35
1769231092.8587322,DOWN,0,0,0,0,34,41,16,47,33,37,28,30
1769231099.8860736,CLICK,0,0,0,0,30,54,35,28,41,29,23,37
1769231106.915406,IDLE,0,53,37,0,27,58,41,23,25,21,35,27
1769231113.9477303,IDLE,0,0,0,0,12,40,43,32,41,43,36,21
1769231120.976908,RIGHT,0,0,0,0,14,42,60,50,29,44,22,43
1769231128.0046306,DOWN,0,0,0,0,23,73,30,28,38,52,35,21
1769231135.0311298,CLICK,16,0,0,0,54,34,28,28,50,25,25,27
1769231142.0581968,CLICK,0,0,0,0,52,65,22,27,25,28,29,26
1769231149.0860372,IDLE,0,0,0,0,15,70,28,30,29,27,42,37
1769231156.113836,UP,0,0,0,0,27,39,26,35,43,48,31,29
1769364596.4766262,IDLE,11,0,0,0,32,12,24,22,25,27,40,38
1769364600.2792883,CLICK,0,0,0,0,14,42,18,38,38,34,30,39
1769364600.5593946,CLICK,0,0,0,0,14,42,18,38,38,34,30,39
1769364600.7357523,CLICK,0,0,0,0,14,42,18,38,38,34,30,39
1769364600.9190605,CLICK,10,0,0,0,14,42,18,38,38,34,30,39
1769364601.1351595,CLICK,10,0,0,0,14,42,18,38,38,34,30,39
1769364601.3029008,CLICK,10,0,0,0,14,42,18,38,38,34,30,39
1769364601.4786534,CLICK,10,0,0,0,14,42,18,38,38,34,30,39
1769364601.4937365,CLICK,10,0,0,0,14,42,18,38,38,34,30,39
1769364601.6867397,CLICK,10,0,0,0,14,42,18,38,38,34,30,39
1769364601.8713856,CLICK,0,0,0,0,14,42,18,38,38,34,30,39
1769364606.5140123,CLICK,0,0,0,0,19,25,27,16,31,33,38,28
1769364611.5346637,CLICK,0,0,0,0,17,23,20,22,35,29,37,29
1769364616.557052,IDLE,0,0,0,0,25,31,30,8,30,35,22,30
1769364621.577061,IDLE,1,0,0,0,28,45,15,18,33,33,44,36
1769364626.5974214,CLICK,0,0,0,0,28,45,15,18,33,33,44,36
1769364631.619523,CLICK,0,0,0,0,30,28,25,32,25,38,30,36
1769364636.6376095,LEFT,0,0,0,0,30,38,10,31,20,33,23,43
1769364641.658418,DOWN,2,0,0,0,12,25,24,24,33,20,25,30
1769364646.6790738,DOWN,0,0,0,0,29,20,29,29,15,36,31,38
1769364651.702105,IDLE,0,0,0,0,14,40,11,30,25,25,26,32
1769364656.7233405,IDLE,0,0,0,0,24,33,28,15,10,24,25,32
1769364661.7427945,CLICK,0,0,0,0,5,28,19,28,25,32,29,37
1769364666.7627444,UP,0,0,0,0,5,28,19,28,25,32,29,37
1769364671.7831783,UP,0,0,0,0,40,34,2,20,30,31,28,27
1769364676.8044813,DOWN,0,0,0,0,25,28,29,16,23,49,20,31
1769364681.8247426,DOWN,0,0,0,0,27,70,16,12,32,25,31,41
1769364686.846708,RIGHT,0,0,0,0,16,13,22,15,34,35,32,37
1769364691.87095,IDLE,8,0,0,0,38,42,41,32,34,31,33,43
1769364696.8936374,LEFT,12,0,0,0,73,19,18,31,39,28,32,34
1769364701.9151576,UP,0,0,0,0,17,22,10,31,31,22,27,38
1769364706.9373806,UP,0,0,0,0,44,33,12,24,52,39,36,37
1769364711.960137,RIGHT,0,0,0,0,6,26,12,16,27,32,32,23
1769364716.9791265,CLICK,0,0,0,0,22,41,44,5,18,29,25,46
1769364722.002118,UP,3,0,0,0,26,29,26,5,43,37,47,36
1769364727.022188,UP,0,0,0,0,34,49,27,23,35,40,31,39
1769364732.0447986,DOWN,0,0,0,0,24,56,19,21,24,20,39,34
1769364737.0664206,UP,0,0,0,0,38,35,30,17,41,28,35,32
1769364742.0864744,UP,0,0,0,0,25,21,14,27,26,28,49,21
1769364747.1089134,RIGHT,0,0,0,0,29,39,32,25,30,16,37,34
1769364752.1325366,RIGHT,6,0,0,0,27,38,41,19,30,26,20,37
1769364757.1536863,UP,6,0,0,0,41,33,9,16,40,22,26,43
1769364762.1748984,CLICK,0,58,34,0,21,20,25,17,22,24,27,30
1769364767.194224,UP,0,0,0,0,18,24,31,40,17,41,22,26
1769364772.216174,UP,0,0,0,0,24,36,19,14,37,23,25,36
1769364777.2361877,CLICK,0,67,33,0,15,45,11,16,46,31,38,27
1769364782.2577925,UP,0,0,0,0,17,38,20,38,22,40,24,28
1769364787.2800045,CLICK,6,0,0,0,21,32,14,38,38,23,38,36
1769364792.3013055,DOWN,0,46,54,0,29,30,10,25,26,25,44,44
1769364797.322598,IDLE,0,0,0,0,7,10,26,19,29,28,29,22
1769364802.3434205,UP,0,0,0,0,14,17,11,24,33,29,42,19
1769364807.36595,LEFT,0,0,0,0,30,28,10,16,31,27,38,33
1769364812.3871076,IDLE,0,56,43,0,24,14,18,25,32,19,28,22
1769364817.4075952,DOWN,0,0,0,0,51,33,8,14,42,30,39,33
1769364822.4284866,CLICK,0,0,0,0,27,40,7,32,32,39,46,35
1769364827.4482374,IDLE,0,0,0,0,20,21,22,18,41,20,26,30
1769364832.47079,RIGHT,0,65,29,0,23,30,15,17,32,27,35,31
1769364837.4933286,UP,0,0,0,0,5,45,16,10,33,22,23,42
1769364842.5164323,CLICK,0,74,31,0,14,40,14,10,46,31,41,35
1769364847.5369484,CLICK,0,0,0,0,16,30,36,15,34,25,36,38
1769364852.560604,UP,0,0,0,0,9,64,34,34,37,39,36,39
1769364857.583044,IDLE,9,0,0,0,33,29,31,10,31,22,35,31
1769364862.6072948,IDLE,0,55,39,0,25,36,17,30,54,41,34,27
1769364867.6281917,DOWN,0,49,39,0,28,38,30,41,33,43,18,22
1769364872.651224,LEFT,0,59,46,0,43,66,43,20,20,37,25,31
1769364877.6761122,CLICK,0,39,54,0,18,64,50,43,40,25,26,35
1769364882.6975374,RIGHT,0,52,40,0,35,32,41,21,28,25,33,31
1769364887.7191355,LEFT,0,59,41,0,11,57,31,19,37,40,36,31
1769364892.7406118,RIGHT,0,43,38,0,28,37,40,32,24,33,36,38
1769364897.7617018,CLICK,0,37,55,0,17,43,29,32,39,28,25,37
1769364902.7887592,DOWN,0,57,43,0,34,63,27,16,37,24,24,34
1769364907.8084435,DOWN,0,54,39,0,19,45,26,17,38,14,23,43
1769364912.8308573,CLICK,0,54,43,0,9,39,27,16,32,27,28,24
1769364917.8505027,LEFT,0,75,33,0,55,56,11,18,44,36,43,39
1769364922.8726358,UP,0,59,20,0,24,33,27,24,55,30,22,42
1769364927.8966954,DOWN,0,46,53,0,25,50,34,30,30,39,26,38
1769364932.9192371,RIGHT,0,43,47,0,51,58,51,8,35,36,29,41
1769364937.9425197,CLICK,0,49,45,0,20,42,29,30,38,35,45,23
1769364942.9641588,UP,0,44,43,0,14,29,27,36,47,22,32,31
1769364947.984426,CLICK,0,53,52,0,25,40,29,17,61,38,22,43
1769364953.0071857,LEFT,0,41,48,0,16,22,14,40,27,37,35,29
1769364958.0293732,DOWN,0,53,39,0,33,35,27,33,61,31,46,35
1769364963.0517154,UP,0,71,37,0,54,16,17,16,37,34,38,36
1769364968.0729485,UP,0,60,35,0,27,52,9,36,27,40,41,32
1769364973.0920117,RIGHT,0,52,32,0,14,24,10,47,29,23,37,32
1769364978.110917,UP,0,78,30,0,14,30,15,8,27,34,44,24
1769364983.131702,UP,0,46,43,0,40,31,25,47,29,31,35,35
1769364988.152771,CLICK,0,53,45,0,28,30,38,18,58,44,32,24
1769364993.170397,CLICK,0,53,29,0,10,26,50,17,42,42,38,49
1769364998.1940408,IDLE,0,50,49,0,18,78,29,38,28,46,35,40
1769365003.2128787,LEFT,0,0,0,0,27,47,52,22,38,18,33,41
1769365008.2340946,DOWN,0,0,0,0,7,49,10,20,49,41,21,37
1769365013.2541049,DOWN,0,57,40,0,27,33,26,24,45,34,44,28
1769365018.274989,LEFT,0,67,43,0,23,42,10,19,52,25,48,25
1769365023.2962198,DOWN,0,71,32,0,16,50,15,15,32,31,24,32
1769365024.188074,CLICK,0,50,36,0,4,38,43,18,49,38,27,26
1769365028.317377,DOWN,0,38,54,0,17,48,41,20,45,35,37,36
1769365033.3386524,CLICK,0,0,0,0,17,48,41,20,45,35,37,36
1769365038.3593984,UP,0,51,51,0,24,32,19,20,41,30,33,38
1769365043.381356,DOWN,0,69,29,0,35,30,19,10,41,34,28,39
1769365048.4026475,LEFT,0,0,0,0,45,50,18,26,41,18,54,37
1769365053.4233344,LEFT,0,64,32,0,49,29,10,24,41,40,40,36
1769365058.4440784,DOWN,5,0,0,0,28,45,35,15,35,47,40,30
1769365063.4658222,LEFT,0,38,48,0,12,41,38,39,33,19,39,26
1769365068.485776,RIGHT,0,49,45,0,15,36,20,30,30,30,45,32
1769365073.505443,IDLE,0,42,48,0,41,49,48,34,29,28,31,34
1769365078.5280628,IDLE,0,36,46,0,17,39,43,39,19,49,15,29
1769365083.5490649,DOWN,0,50,43,0,19,14,22,28,38,51,48,35
1769365088.5706072,LEFT,0,54,43,0,32,18,22,23,26,32,16,40
1769365093.591014,LEFT,0,56,39,0,61,63,25,30,45,26,33,42
1769365098.6114647,RIGHT,0,38,53,0,12,26,40,43,45,25,36,42
1769365103.6322012,IDLE,0,58,50,0,13,48,9,31,52,46,28,22
1769365108.65282,UP,1,0,0,0,12,33,17,22,39,18,24,40
1769365113.6750915,DOWN,0,0,0,0,12,33,17,22,39,18,24,40
1769365118.6956627,UP,0,44,42,0,84,45,33,30,26,36,30,33
1769365123.719178,IDLE,0,63,29,0,45,39,20,32,32,39,38,30
1769365128.7423606,CLICK,0,46,51,0,40,51,45,24,30,32,38,36
1769365133.764092,RIGHT,0,37,60,0,19,50,30,23,31,31,29,47
1769365138.7846625,DOWN,0,46,47,0,32,16,32,20,37,32,33,54
1769365143.8054488,RIGHT,0,48,40,0,28,23,16,33,38,42,24,36
1769365148.8294995,LEFT,0,0,0,0,12,44,21,13,51,27,32,30
1769365153.8504548,DOWN,0,0,0,0,61,54,4,12,27,30,29,18
1769365158.871513,LEFT,0,57,31,0,40,46,27,20,30,21,45,58
1769365163.8935642,DOWN,0,57,37,0,11,12,35,12,40,38,30,42
1769365168.9139874,DOWN,0,48,45,0,13,17,47,12,43,29,31,25
1769365173.9347632,LEFT,0,73,42,0,13,28,12,12,41,18,32,38
1769365178.953826,RIGHT,0,47,43,0,16,36,25,21,49,24,22,23
1769365183.9758482,LEFT,0,0,0,0,27,55,24,24,45,32,30,32
1769365188.9962783,CLICK,0,30,51,0,31,44,52,41,42,35,40,28
1769365194.0176911,UP,0,0,0,0,14,27,45,13,50,21,24,43
1769365199.0399585,CLICK,0,35,50,0,37,42,44,53,48,48,45,34
1769365204.0615437,CLICK,0,47,35,0,36,54,26,37,40,37,31,24
1769365209.0823944,RIGHT,0,0,0,0,29,20,41,7,47,36,30,35
1769365214.1052125,UP,0,56,40,0,36,33,14,24,37,45,22,38
1769365219.1263547,CLICK,0,43,52,0,23,45,22,44,31,39,36,23
1769365224.145428,DOWN,2,0,0,0,37,46,12,23,43,38,23,30
1769365229.1665933,RIGHT,0,0,0,0,17,33,22,34,38,34,29,28
1769365234.1861887,UP,0,47,47,0,17,31,34,26,47,31,37,39
1769365239.2071176,LEFT,0,49,50,0,14,28,27,21,41,30,20,34
1769365244.229546,DOWN,0,0,0,0,34,25,31,34,37,35,29,29
1769365249.2521422,RIGHT,0,0,0,0,18,60,29,26,16,27,34,30
1769365254.273216,RIGHT,0,49,41,0,13,26,33,18,38,31,34,36
1769365259.2929857,DOWN,4,0,0,0,32,38,22,7,31,11,34,41
1769365264.3133678,RIGHT,0,39,49,0,40,31,38,45,36,47,37,33
1769365269.334766,LEFT,0,54,38,0,40,29,32,19,32,25,31,42
1769365274.354489,DOWN,6,0,0,0,29,74,28,19,13,22,35,22
1769365279.372137,DOWN,0,0,0,0,29,74,28,19,13,22,35,22
1769365284.393827,LEFT,7,0,0,0,29,74,28,19,13,22,35,22
1769365289.4149704,LEFT,5,0,0,0,29,74,28,19,13,22,35,22
1769365294.4330912,LEFT,0,0,0,0,29,74,28,19,13,22,35,22
1769365299.4539926,IDLE,0,0,0,0,23,38,22,22,27,27,21,30
1769365304.473246,LEFT,0,0,0,0,12,44,21,22,34,43,35,28
1769365309.494117,CLICK,0,0,0,0,42,37,40,27,27,25,28,28
1769365314.5136442,RIGHT,0,0,0,0,42,37,40,27,27,25,28,28
1769365319.5362985,DOWN,0,0,0,0,42,37,40,27,27,25,28,28
1769365324.5550392,LEFT,0,0,0,0,42,37,40,27,27,25,28,28
1769365329.5743458,IDLE,0,0,0,0,42,37,40,27,27,25,28,28
1769365334.5986545,RIGHT,0,41,51,0,10,40,32,14,40,17,38,31
1769365339.61925,CLICK,0,45,42,0,25,41,29,37,34,27,29,37
1769365344.640969,UP,0,0,0,0,25,41,29,37,34,27,29,37
1769365349.6608553,IDLE,0,0,0,0,25,41,29,37,34,27,29,37
1769365354.6828854,LEFT,2,0,0,0,25,41,29,37,34,27,29,37
1769365359.7061691,UP,6,0,0,0,25,41,29,37,34,27,29,37
1769365364.728696,LEFT,0,0,0,0,25,41,29,37,34,27,29,37
1769365369.7506435,RIGHT,0,0,0,0,21,33,0,21,17,15,40,46
1769365374.77152,DOWN,0,0,0,0,19,23,11,22,36,36,38,28
1769365379.79443,CLICK,0,0,0,0,19,23,11,22,36,36,38,28
1769365384.815719,IDLE,7,0,0,0,19,23,11,22,36,36,38,28
1769365389.839499,UP,0,0,0,0,19,23,11,22,36,36,38,28
1769365394.861463,DOWN,0,42,46,0,9,35,37,29,31,25,32,26
1769365399.8843808,DOWN,0,0,0,0,9,35,37,29,31,25,32,26
1769365404.9052403,LEFT,0,0,0,0,9,35,37,29,31,25,32,26
1769365409.9262776,IDLE,4,0,0,0,9,35,37,29,31,25,32,26
1769365414.946879,CLICK,3,0,0,0,9,35,37,29,31,25,32,26
1769365419.968935,CLICK,3,0,0,0,9,35,37,29,31,25,32,26
1769365424.9917977,DOWN,0,0,0,0,9,35,37,29,31,25,32,26
1769365430.011313,CLICK,0,0,0,0,9,35,37,29,31,25,32,26
1769365435.0345893,UP,0,0,0,0,9,35,37,29,31,25,32,26
1769365440.056688,UP,0,0,0,0,9,35,37,29,31,25,32,26
1769365445.0787036,RIGHT,3,0,0,0,9,35,37,29,31,25,32,26
1769365450.099864,UP,0,0,0,0,9,35,37,29,31,25,32,26
1769365455.1237624,DOWN,2,0,0,0,9,35,37,29,31,25,32,26
1769365460.147012,CLICK,2,0,0,0,9,35,37,29,31,25,32,26
1769365465.1716306,RIGHT,0,0,0,0,9,35,37,29,31,25,32,26
1769365470.1947224,LEFT,0,0,0,0,9,35,37,29,31,25,32,26
1769365475.2167575,CLICK,8,0,0,0,16,36,24,30,17,38,40,26
1769365480.2395215,CLICK,0,0,0,0,17,31,26,27,25,29,37,25
1769365485.26347,LEFT,5,0,0,0,21,28,7,25,38,20,32,40
1769365490.2834282,DOWN,0,0,0,0,21,28,7,25,38,20,32,40
1769365495.3056176,CLICK,0,39,45,0,26,49,63,19,38,29,23,46
1769365500.3253105,UP,0,43,36,0,13,23,32,2,23,22,18,45
1769365505.3479486,IDLE,3,0,0,0,13,23,32,2,23,22,18,45
1769365510.3725247,UP,2,0,0,0,13,23,32,2,23,22,18,45
1769365515.3972862,IDLE,22,0,0,0,13,23,32,2,23,22,18,45
1769365520.4195578,RIGHT,22,0,0,0,13,23,32,2,23,22,18,45
1769365525.440185,RIGHT,21,0,0,0,13,23,32,2,23,22,18,45
1769365530.4595942,UP,36,0,0,0,13,23,32,2,23,22,18,45
1769365535.4790947,CLICK,26,0,0,0,13,23,32,2,23,22,18,45
1769365540.4988632,RIGHT,26,0,0,0,13,23,32,2,23,22,18,45
1769365545.5197833,CLICK,48,0,0,0,13,23,32,2,23,22,18,45
1769365550.5407574,LEFT,3,0,0,0,13,23,32,2,23,22,18,45
1769365555.56188,CLICK,0,0,0,0,13,23,32,2,23,22,18,45
1769365560.5823123,UP,0,68,34,0,31,29,4,22,43,32,31,41
1769365565.6031878,DOWN,0,0,0,0,10,39,30,39,35,35,19,36
1769365570.623477,CLICK,0,0,0,0,52,33,32,15,39,36,36,41
1769365575.64368,UP,0,33,44,0,8,10,39,28,50,27,26,38
1769365580.6642678,IDLE,0,0,0,0,17,32,23,23,21,20,30,40
1769365585.6876206,LEFT,0,40,37,0,46,39,38,36,27,36,32,42
1769365590.7090273,UP,0,52,41,0,11,31,30,16,22,34,31,28
1769365595.7316067,IDLE,0,48,44,0,29,35,19,7,28,30,33,51
1769365600.7542732,IDLE,0,62,36,0,18,35,15,19,24,36,26,34
1769365605.7786283,RIGHT,0,60,37,0,15,44,10,24,24,39,37,22
1769365610.801951,LEFT,0,53,31,0,25,25,24,14,27,28,38,54
1769365615.8247857,LEFT,0,0,0,0,27,41,11,14,26,21,24,34
1769365620.8445485,RIGHT,0,0,0,0,27,41,11,14,26,21,24,34
1769365625.8676422,CLICK,0,0,0,0,27,41,11,14,26,21,24,34
1769365630.8879128,UP,5,0,0,0,27,41,11,14,26,21,24,34
1769365635.9091947,IDLE,0,0,0,0,27,41,11,14,26,21,24,34
1769365640.9317484,LEFT,0,0,0,0,27,41,11,14,26,21,24,34
1769365645.9533522,LEFT,35,0,0,0,27,41,11,14,26,21,24,34
1769365650.975988,IDLE,12,0,0,0,27,41,11,14,26,21,24,34
1769365655.9962902,UP,44,0,0,0,27,41,11,14,26,21,24,34
1769365661.0207424,DOWN,49,0,0,0,27,41,11,14,26,21,24,34
1769365666.039901,DOWN,33,0,0,0,27,41,11,14,26,21,24,34
1769365671.0605974,UP,31,0,0,0,27,41,11,14,26,21,24,34
1769365676.0822546,CLICK,50,0,0,0,27,41,11,14,26,21,24,34
1769365681.101613,RIGHT,50,0,0,0,27,41,11,14,26,21,24,34
1769365825.1290112,IDLE,2,0,0,0,18,24,16,11,33,32,24,28
1769365830.1485603,IDLE,0,0,0,0,21,12,20,23,30,38,32,34
1769365835.1693468,CLICK,1,0,0,0,41,32,23,4,26,27,31,32
1769365840.1887798,LEFT,0,0,0,0,41,32,23,4,26,27,31,32
1769365845.2093065,UP,0,0,0,0,14,34,30,11,21,35,31,43
1769365850.230718,LEFT,0,0,0,0,10,26,16,3,34,30,35,35
1769365855.251311,IDLE,4,0,0,0,10,26,16,3,34,30,35,35
1769365860.2713006,UP,0,0,0,0,15,24,11,7,35,30,20,23
1769365865.296168,IDLE,0,0,0,0,15,24,11,7,35,30,20,23
1769365870.3169036,LEFT,0,0,0,0,8,22,25,31,32,23,20,27
1769365875.3391542,DOWN,0,0,0,0,8,22,25,31,32,23,20,27
1769365880.3599784,IDLE,0,0,0,0,8,22,25,31,32,23,20,27
1769365885.3820195,CLICK,1,0,0,0,23,48,27,11,38,30,27,35
1769365890.406005,CLICK,0,55,37,0,60,33,19,25,23,24,28,35
1769365895.4260137,DOWN,9,0,0,0,45,10,31,20,29,38,30,34
1769365905.4513748,IDLE,0,33,53,0,10,36,39,26,35,37,33,33
1769365910.472468,RIGHT,0,42,55,0,56,34,25,35,38,21,37,32
1769365915.4953537,LEFT,0,0,0,0,56,34,25,35,38,21,37,32
1769365920.5176835,CLICK,0,54,40,0,63,36,20,25,27,27,16,47
1769365925.538808,LEFT,0,0,0,0,63,36,20,25,27,27,16,47
1769365930.5598216,CLICK,0,0,0,0,63,36,20,25,27,27,16,47
1769365935.5814178,IDLE,0,0,0,0,21,57,19,13,49,26,33,46
1769365940.600853,DOWN,0,0,0,0,25,49,24,24,30,26,27,39
1769365945.6237395,DOWN,0,0,0,0,25,27,28,29,19,20,44,34
1769365950.6452632,UP,0,0,0,0,25,27,28,29,19,20,44,34
1769365955.6667242,IDLE,0,0,0,0,27,23,18,30,26,29,27,31
1769365960.68743,UP,0,0,0,0,14,27,20,38,33,30,46,20
1769365965.7104564,DOWN,4,0,0,0,30,29,38,6,29,42,32,26
1769365970.7309804,IDLE,0,64,39,0,21,26,22,6,34,23,36,31
1769365975.755174,DOWN,0,0,0,0,26,25,29,25,32,17,44,19
1769365980.7779286,LEFT,0,0,0,0,23,54,26,25,42,25,18,40
1769365985.7985249,IDLE,0,0,0,0,31,33,28,12,32,26,25,37
1769365990.820087,IDLE,0,0,0,0,31,14,16,21,43,30,34,32
1769365995.8412025,DOWN,0,0,0,0,26,23,24,6,20,29,38,15
1769366000.862077,LEFT,0,0,0,0,33,50,28,33,35,32,40,27
1769366005.8855178,DOWN,0,0,0,0,16,40,36,29,41,26,29,27
1769366010.908783,LEFT,0,0,0,0,19,34,32,27,41,36,54,26
1769366015.9317014,CLICK,9,0,0,0,19,34,32,27,41,36,54,26
1769366020.9536078,RIGHT,6,0,0,0,17,36,16,21,13,32,25,26
1769366025.9749084,DOWN,0,61,36,0,21,20,17,28,19,25,29,18
1769366030.9941075,IDLE,0,56,36,0,25,30,24,9,26,25,27,22
1769366036.0120468,RIGHT,0,0,0,0,25,30,24,9,26,25,27,22
1769366041.0328538,LEFT,0,0,0,0,25,53,11,19,40,36,33,38
1769366046.0549717,LEFT,0,0,0,0,27,44,22,15,29,42,33,28
1769366051.0752454,RIGHT,0,0,0,0,12,39,29,28,43,30,22,37
1769366056.0971394,LEFT,8,0,0,0,37,24,20,24,31,28,30,43
1769366061.1196358,UP,0,0,0,0,4,42,27,24,24,40,29,30
1769366066.1414793,RIGHT,0,45,46,0,16,21,41,20,29,15,40,45
1769366071.1636522,DOWN,0,56,41,0,8,27,21,20,32,22,35,39
1769366076.186215,CLICK,0,0,0,0,8,27,21,20,32,22,35,39
1769366081.2082894,IDLE,0,0,0,0,6,53,14,37,28,23,32,39
1769366086.2288976,RIGHT,0,0,0,0,26,19,24,23,25,25,30,42
1769366091.2497752,LEFT,0,0,0,0,26,19,24,23,25,25,30,42
1769366096.2716172,LEFT,0,0,0,0,32,18,35,30,25,30,25,27
1769366101.294366,UP,6,0,0,0,32,15,26,25,34,36,42,35
1769366106.313608,IDLE,0,0,0,0,32,15,26,25,34,36,42,35
1769366111.3369913,RIGHT,0,44,49,0,27,54,46,9,34,43,26,19
1769366116.360688,RIGHT,0,0,0,0,27,54,46,9,34,43,26,19
1769366121.383017,IDLE,0,0,0,0,31,26,24,24,28,31,31,24
1769366126.4031582,CLICK,9,0,0,0,24,26,23,3,27,33,34,37
1769366131.424277,LEFT,0,0,0,0,24,26,23,3,27,33,34,37
1769366136.443018,DOWN,0,0,0,0,23,35,39,16,38,27,33,31
1769366141.462654,UP,0,0,0,0,30,32,43,20,26,30,21,31
1769366146.4854336,IDLE,0,0,0,0,34,45,14,22,20,39,30,30
1769366151.5069103,RIGHT,0,0,0,0,34,45,14,22,20,39,30,30
1769366156.5284455,IDLE,0,0,0,0,26,41,21,38,33,32,19,39
1769366161.5486825,DOWN,0,0,0,0,17,30,19,7,44,24,35,35
1769366166.56963,LEFT,3,0,0,0,44,37,22,13,33,21,25,29
1769366171.588331,LEFT,0,0,0,0,24,33,31,15,36,37,37,29
1769366176.609682,IDLE,0,0,0,0,19,43,22,9,33,26,29,28
1769366181.6289694,UP,0,0,0,0,15,26,14,12,20,31,35,23
1769366186.6489062,LEFT,0,0,0,0,21,29,27,14,36,20,26,40
1769366191.6696312,IDLE,0,0,0,0,55,21,21,20,21,18,38,37
1769366196.6905415,RIGHT,10,0,0,0,9,12,25,21,36,33,27,42
1769366201.713035,LEFT,0,0,0,0,8,21,24,19,38,27,31,31
1769366206.73623,LEFT,0,0,0,0,15,31,25,11,46,37,30,40
1769366211.7572212,UP,12,0,0,0,19,21,8,10,31,30,34,28
1769366216.778104,LEFT,0,60,42,0,24,37,20,8,21,40,18,34
1769366221.7993038,UP,11,0,0,0,12,34,29,16,18,19,27,25
1769366226.8202903,DOWN,0,0,0,0,38,55,25,20,29,45,34,27
1769366231.8395524,UP,0,0,0,0,5,30,33,24,36,36,22,23
1769366236.8619993,DOWN,11,0,0,0,29,38,12,24,33,19,31,28
1769366241.8816233,IDLE,0,0,0,0,28,14,14,20,28,24,34,22
1769366246.902465,RIGHT,0,58,34,0,38,20,26,21,34,32,29,43
1769366251.9239955,DOWN,0,0,0,0,38,20,26,21,34,32,29,43
1769366256.9457278,LEFT,0,0,0,0,30,40,26,17,32,33,31,25
1769366261.967448,RIGHT,0,0,0,0,9,41,30,10,41,25,43,22
1769366266.991957,LEFT,0,0,0,0,36,52,24,9,37,33,25,30
1769366272.0134394,CLICK,0,0,0,0,48,36,17,12,28,33,45,36
1769366277.036416,RIGHT,0,0,0,0,34,42,50,13,28,25,29,32
1769366282.057104,UP,0,0,0,0,13,31,16,15,25,27,32,40
1769366287.0777273,RIGHT,13,0,0,0,20,46,10,13,17,36,29,45
1769366292.099718,UP,0,0,0,0,14,7,19,23,19,35,29,31
1769366297.1222336,RIGHT,0,0,0,0,15,29,30,14,29,20,35,39
1769366302.1436806,CLICK,0,0,0,0,14,22,25,33,41,36,27,24
1769366307.16528,DOWN,0,0,0,0,18,9,16,19,20,32,37,27
1769366312.1864154,LEFT,12,0,0,0,20,30,30,23,30,32,36,28
1769366317.2081585,IDLE,0,0,0,0,14,26,26,25,34,35,29,35
1769366322.230806,LEFT,0,0,0,0,27,15,22,23,27,30,33,34
1769366327.2540011,IDLE,0,0,0,0,25,28,11,17,29,34,38,35
1769366332.274545,UP,0,0,0,0,30,36,18,8,31,29,41,31
1769366337.2953403,IDLE,0,0,0,0,49,15,17,32,31,22,31,34
1769366342.314527,UP,0,0,0,0,12,40,14,44,32,28,32,24
1769366347.3336866,RIGHT,0,0,0,0,43,22,11,13,28,32,35,27
1769366352.357219,IDLE,0,0,0,0,19,50,7,28,22,38,20,29
1769366357.3806777,RIGHT,0,0,0,0,19,50,7,28,22,38,20,29
1769366362.4045603,CLICK,0,0,0,0,13,37,22,23,37,34,36,41
1769366367.42548,DOWN,0,0,0,0,22,28,13,20,46,41,45,43
1769366372.447596,UP,5,0,0,0,32,32,23,31,26,12,25,54
1769366377.4704576,RIGHT,0,0,0,0,32,32,23,31,26,12,25,54
1769366382.49195,CLICK,0,0,0,0,27,39,24,21,23,44,28,45
1769366387.5117707,RIGHT,9,0,0,0,18,41,31,19,25,38,36,42
1769366392.532403,RIGHT,0,0,0,0,10,31,8,27,33,28,22,33
1769366397.5524,RIGHT,0,63,32,0,32,25,11,18,28,28,28,40
1769366402.5757034,RIGHT,0,0,0,0,21,46,30,12,29,14,21,36
1769366407.5967956,LEFT,0,55,46,0,14,19,18,12,31,34,38,28
1769366412.6186152,LEFT,0,0,0,0,14,19,18,12,31,34,38,28
1769366417.6420462,DOWN,0,65,34,0,12,25,5,21,40,25,28,32
1769366422.6658463,UP,0,0,0,0,12,25,5,21,40,25,28,32
1769366427.6846676,CLICK,3,0,0,0,36,27,20,21,36,29,25,23
1769366432.7063842,RIGHT,0,0,0,0,36,27,20,21,36,29,25,23
1769366437.7287493,CLICK,0,0,0,0,26,23,18,19,41,32,21,29
1769366442.7498636,IDLE,0,0,0,0,17,29,17,28,29,37,32,45
1769366447.771803,DOWN,14,0,0,0,34,34,11,9,22,28,36,37
1769366452.7930408,UP,0,0,0,0,26,24,21,24,34,45,38,21
1769366457.8138251,LEFT,15,0,0,0,9,12,35,15,34,24,28,50
1769366462.836239,RIGHT,11,0,0,0,16,27,13,30,34,30,27,26
1769366467.8560066,UP,0,0,0,0,31,14,21,25,19,28,25,44
1769366472.876054,IDLE,0,0,0,0,31,18,19,15,26,20,30,44
1769366477.8977542,CLICK,4,0,0,0,28,8,19,40,22,32,16,20
1769366482.9167542,IDLE,0,0,0,0,28,8,19,40,22,32,16,20
1769366487.9389148,IDLE,0,0,0,0,24,34,28,14,32,36,36,35
1769366492.96232,DOWN,6,0,0,0,22,48,17,26,41,30,27,29
1769366497.9832177,CLICK,0,0,0,0,22,48,17,26,41,30,27,29
1769366503.0068643,IDLE,0,0,0,0,19,32,16,29,21,25,30,29
1769366508.031595,RIGHT,0,0,0,0,19,32,16,29,21,25,30,29
1769366513.0541668,CLICK,7,0,0,0,28,28,38,15,35,43,22,22
1769366518.0764155,IDLE,0,0,0,0,27,20,22,10,22,36,25,38
1769366523.1004505,RIGHT,1,0,0,0,27,20,22,10,22,36,25,38
1769366528.124302,DOWN,9,0,0,0,41,31,22,6,22,29,36,29
1769366533.146256,LEFT,0,0,0,0,41,31,22,6,22,29,36,29
1769366538.1670218,DOWN,0,0,0,0,26,9,18,26,40,22,35,19
1769366543.1908174,DOWN,0,0,0,0,23,26,17,23,25,34,40,35
1769366548.2141385,RIGHT,0,0,0,0,13,37,14,17,22,34,25,48
1769367239.2659378,IDLE,32,0,0,0,17,18,15,8,23,28,39,35
1769367244.2874415,RIGHT,25,0,0,0,17,18,15,8,23,28,39,35
1769367249.3080366,IDLE,25,0,0,0,17,18,15,8,23,28,39,35
1769367254.3285658,IDLE,26,0,0,0,17,18,15,8,23,28,39,35
1769367259.3506372,DOWN,30,0,0,0,17,18,15,8,23,28,39,35
1769367264.3696232,LEFT,22,0,0,0,17,18,15,8,23,28,39,35
1769367269.3904288,DOWN,20,0,0,0,17,18,15,8,23,28,39,35
1769367274.4112284,CLICK,34,0,0,0,17,18,15,8,23,28,39,35
1769367279.4349718,IDLE,31,0,0,0,17,18,15,8,23,28,39,35
1769367284.455487,RIGHT,34,0,0,0,17,18,15,8,23,28,39,35
1769367289.4758525,RIGHT,29,0,0,0,17,18,15,8,23,28,39,35
1769367294.4967947,RIGHT,29,0,0,0,17,18,15,8,23,28,39,35
1769367299.5168822,UP,32,0,0,0,17,18,15,8,23,28,39,35
1769367304.5374024,DOWN,26,0,0,0,17,18,15,8,23,28,39,35
1769367309.561798,CLICK,23,0,0,0,17,18,15,8,23,28,39,35
1769367314.5808697,RIGHT,17,0,0,0,17,18,15,8,23,28,39,35
1769367319.6040995,DOWN,15,0,0,0,17,18,15,8,23,28,39,35
1769367324.6265326,LEFT,20,0,0,0,17,18,15,8,23,28,39,35
1769367329.6497054,DOWN,18,0,0,0,17,18,15,8,23,28,39,35
1769367334.670697,IDLE,18,0,0,0,17,18,15,8,23,28,39,35
1769367339.6914282,RIGHT,23,0,0,0,17,18,15,8,23,28,39,35
1769367344.7098489,CLICK,28,0,0,0,17,18,15,8,23,28,39,35
1769367476.2284825,DOWN,41,0,0,0,24,61,19,35,43,30,35,39
1769367481.2461288,CLICK,13,0,0,0,24,61,19,35,43,30,35,39
1769367486.266297,IDLE,0,0,0,0,24,61,19,35,43,30,35,39
1769367491.2848349,UP,0,0,0,0,27,32,19,25,35,43,21,25
1769367496.3057303,UP,0,0,0,0,24,41,8,18,24,26,30,31
1769367501.3259711,CLICK,0,0,0,0,47,22,39,33,26,35,42,31
1769367506.346354,UP,0,0,0,0,26,61,48,8,17,23,30,40
1769367511.3647332,CLICK,18,0,0,0,3,48,23,12,21,23,42,37
1769367516.3844876,DOWN,37,0,0,0,3,48,23,12,21,23,42,37
1769367521.409834,LEFT,57,0,0,0,3,48,23,12,21,23,42,37
1769367526.4326334,DOWN,61,0,0,0,3,48,23,12,21,23,42,37
1769367531.4529636,UP,57,0,0,0,3,48,23,12,21,23,42,37
1769367536.4756644,LEFT,0,0,0,0,3,48,23,12,21,23,42,37
1769367541.496086,UP,50,0,0,0,3,48,23,12,21,23,42,37
1769367546.519055,DOWN,43,0,0,0,3,48,23,12,21,23,42,37
1769367551.5414443,LEFT,43,0,0,0,3,48,23,12,21,23,42,37
1769367556.5644605,CLICK,51,0,0,0,3,48,23,12,21,23,42,37
1769367561.586412,RIGHT,47,0,0,0,3,48,23,12,21,23,42,37
1769367566.6061163,RIGHT,41,0,0,0,3,48,23,12,21,23,42,37
1769368057.7115622,LEFT,15,0,0,0,54,50,25,28,32,43,39,33
1769368062.7318866,DOWN,0,0,0,0,54,50,25,28,32,43,39,33
1769368067.7508807,IDLE,58,0,0,0,54,50,25,28,32,43,39,33
1769368072.7728572,DOWN,52,0,0,0,54,50,25,28,32,43,39,33
1769368077.7910595,CLICK,47,0,0,0,54,50,25,28,32,43,39,33
1769368082.812085,LEFT,43,0,0,0,54,50,25,28,32,43,39,33
1769368087.8347256,UP,52,0,0,0,54,50,25,28,32,43,39,33
1769368092.8549478,RIGHT,46,0,0,0,54,50,25,28,32,43,39,33
1769368381.8967366,IDLE,0,61,34,0,15,24,25,17,35,31,38,38
1769368386.9173207,IDLE,0,57,44,0,13,28,7,28,38,29,30,39
1769368391.9355817,RIGHT,0,45,42,0,18,32,23,22,30,31,32,46
1769368396.9571185,UP,0,58,30,0,23,16,29,11,25,27,27,38
1769368401.9773376,CLICK,0,47,44,0,11,65,33,10,35,42,26,32
1769368406.9976048,CLICK,0,50,39,0,23,63,23,22,23,30,31,43
1769368412.020692,LEFT,0,63,40,0,29,37,16,19,42,35,29,33
1769368417.0427444,DOWN,0,35,42,0,28,31,38,26,30,30,31,38
1769368422.0638769,CLICK,0,49,40,0,42,38,17,29,30,24,46,28
1769368427.0824356,UP,5,0,0,0,15,32,22,22,41,36,34,39
1769368432.104245,LEFT,0,0,0,0,15,32,22,22,41,36,34,39
1769368437.1254284,LEFT,0,0,0,0,15,32,22,22,41,36,34,39
1769368442.1463382,RIGHT,4,0,0,0,15,32,22,22,41,36,34,39
1769368447.167045,UP,0,0,0,0,15,32,22,22,41,36,34,39
1769368452.1892176,RIGHT,0,0,0,0,15,32,22,22,41,36,34,39
1769368457.2088668,IDLE,0,0,0,0,15,32,22,22,41,36,34,39
1769368462.2301283,IDLE,0,0,0,0,15,32,22,22,41,36,34,39
1769368467.2489674,DOWN,0,0,0,0,15,32,22,22,41,36,34,39
1769368472.2686465,DOWN,0,0,0,0,15,32,22,22,41,36,34,39
1769368477.2864482,CLICK,5,0,0,0,15,32,22,22,41,36,34,39
1769368482.309863,UP,8,0,0,0,19,55,15,20,22,25,37,15
1769368487.3311546,UP,0,0,0,0,19,55,15,20,22,25,37,15
1769368492.3524723,LEFT,5,0,0,0,19,55,15,20,22,25,37,15
1769368497.373414,CLICK,0,0,0,0,19,55,15,20,22,25,37,15
1769368502.39409,CLICK,3,0,0,0,19,55,15,20,22,25,37,15
1769368507.4168806,DOWN,0,0,0,0,19,55,15,20,22,25,37,15
1769368512.4359455,CLICK,0,0,0,0,19,55,15,20,22,25,37,15
1769368517.4598432,IDLE,0,0,0,0,19,55,15,20,22,25,37,15
1769368522.480154,IDLE,5,0,0,0,19,55,15,20,22,25,37,15
1769368527.5019352,LEFT,6,0,0,0,19,55,15,20,22,25,37,15
1769368532.5252535,IDLE,0,0,0,0,19,55,15,20,22,25,37,15
1769368537.5481634,RIGHT,0,0,0,0,19,55,15,20,22,25,37,15
1769368542.5679605,IDLE,9,0,0,0,25,18,21,13,38,44,22,32
1769368547.5904496,LEFT,0,0,0,0,25,18,21,13,38,44,22,32
1769368552.612003,RIGHT,0,0,0,0,31,37,8,9,26,25,36,32
1769368557.6354282,DOWN,1,0,0,0,31,37,8,9,26,25,36,32
1769368562.6572022,CLICK,0,0,0,0,31,37,8,9,26,25,36,32
1769368567.6773577,UP,0,0,0,0,13,32,16,23,26,38,26,24
1769368572.6979558,CLICK,0,0,0,0,43,16,8,5,47,34,27,33
1769368577.717914,CLICK,3,0,0,0,43,16,8,5,47,34,27,33
1769368582.736113,UP,0,0,0,0,43,16,8,5,47,34,27,33
1769368587.756317,RIGHT,2,0,0,0,43,16,8,5,47,34,27,33
1769368592.778957,CLICK,0,0,0,0,43,16,8,5,47,34,27,33
1769368597.8004165,RIGHT,2,0,0,0,43,16,8,5,47,34,27,33
1769368602.8222394,RIGHT,0,0,0,0,11,22,34,31,37,33,30,35
1769368607.844498,UP,0,0,0,0,10,26,15,22,33,40,20,25
1769368612.8683827,CLICK,0,0,0,0,29,39,19,22,27,26,28,24
1769368617.8916163,UP,0,0,0,0,22,29,21,16,22,33,33,42
1769368622.9131997,UP,0,0,0,0,14,24,35,39,34,20,32,26
1769368627.9362657,DOWN,13,0,0,0,11,11,21,36,26,18,35,43
1769368632.956431,RIGHT,0,0,0,0,25,39,9,17,22,52,39,33
1769368637.9781291,IDLE,0,0,0,0,31,22,36,11,31,38,38,37
1769368642.998392,IDLE,0,0,0,0,19,21,15,29,24,32,33,27
1769368648.019472,RIGHT,0,0,0,0,16,16,25,15,42,47,29,29
1769368653.042696,UP,0,0,0,0,16,26,32,38,26,35,25,16
1769368658.0656507,UP,0,0,0,0,16,26,32,38,26,35,25,16
1769368663.0878105,DOWN,0,0,0,0,16,19,25,23,27,27,35,22
1769368668.1105382,CLICK,0,0,0,0,10,29,15,10,25,30,42,28
1769368673.1335793,RIGHT,0,0,0,0,17,48,8,20,20,34,34,37
1769368678.155656,LEFT,0,0,0,0,25,11,34,22,28,25,29,25
1769368683.17347,IDLE,11,0,0,0,15,57,28,2,26,30,24,34
1769368688.1974273,RIGHT,2,0,0,0,36,14,22,33,34,13,28,31
1769368693.2186606,LEFT,0,68,35,0,31,45,18,11,26,39,42,38
1769368698.238937,CLICK,0,0,0,0,29,20,26,14,16,34,35,33
1769368703.261351,RIGHT,0,0,0,0,25,28,12,26,34,29,26,34
1769368708.282009,RIGHT,0,0,0,0,25,18,18,46,22,27,28,32
1769368713.3028607,DOWN,0,0,0,0,19,22,26,5,22,34,27,27
1769368718.3253422,UP,14,0,0,0,31,22,21,28,20,29,30,56
1769368723.344561,DOWN,0,59,45,0,20,35,18,8,33,29,32,31
1769368728.3671212,UP,8,0,0,0,21,46,20,9,28,31,33,34
1769368733.3891852,LEFT,0,0,0,0,10,15,11,37,23,18,37,41
1769368738.4130163,IDLE,0,0,0,0,26,20,20,35,30,29,19,23
1769368743.4357023,RIGHT,0,0,0,0,5,24,14,16,24,36,28,28
1769368748.4583795,DOWN,0,0,0,0,22,33,21,22,30,34,36,27
1769368753.4777343,LEFT,6,0,0,0,48,42,19,8,46,30,21,23
1769368758.4987743,RIGHT,5,0,0,0,48,42,19,8,46,30,21,23
1769368763.520422,LEFT,1,0,0,0,18,30,7,13,21,25,30,40
1769368768.5409782,IDLE,0,0,0,0,18,30,7,13,21,25,30,40
1769368773.5600944,LEFT,0,0,0,0,11,24,10,20,32,16,25,34
1769368778.5817146,IDLE,0,0,0,0,16,24,23,31,29,38,32,28
1769368783.6033542,LEFT,0,0,0,0,9,21,7,25,38,18,44,47
1769368788.627343,DOWN,0,0,0,0,37,35,19,13,39,22,22,35
1769368793.6480536,LEFT,1,0,0,0,37,35,19,13,39,22,22,35
1769368798.6676342,DOWN,0,0,0,0,19,14,14,14,20,29,46,27
1769368803.6919885,LEFT,4,0,0,0,19,14,14,14,20,29,46,27
1769368808.7153704,IDLE,0,0,0,0,11,31,24,24,32,29,31,18
1769368813.7373269,RIGHT,0,0,0,0,35,25,23,12,38,18,21,35
1769368818.7576354,UP,0,0,0,0,14,38,18,27,30,26,26,44
1769368823.7786765,IDLE,0,0,0,0,56,38,15,24,45,11,34,27
1769368828.796792,CLICK,0,0,0,0,31,34,33,28,17,43,24,50
1769368833.8179393,DOWN,0,0,0,0,15,42,21,15,18,29,32,32
1769368838.8401506,UP,0,0,0,0,21,6,15,21,27,23,34,33
1769368843.858569,UP,8,0,0,0,8,12,18,22,30,25,34,40
1769368848.8785312,IDLE,0,77,29,0,22,38,17,7,51,24,43,38
1769368853.8989923,CLICK,6,0,0,0,22,38,17,7,51,24,43,38
1769368858.921017,CLICK,0,0,0,0,35,49,14,12,36,24,30,35
1769368863.943713,UP,5,0,0,0,40,21,18,13,34,41,44,48
1769368868.9611874,UP,1,0,0,0,40,21,18,13,34,41,44,48
1769368873.9836206,LEFT,0,0,0,0,40,21,18,13,34,41,44,48
1769368879.0038028,UP,16,0,0,0,40,21,18,13,34,41,44,48
1769368884.0266483,UP,0,0,0,0,40,21,18,13,34,41,44,48
1769368889.047989,DOWN,4,0,0,0,24,26,12,18,28,23,22,42
1769368894.071084,LEFT,10,0,0,0,26,7,15,22,31,30,29,23
1769368899.0916214,LEFT,0,0,0,0,26,7,15,22,31,30,29,23
1769368904.112466,CLICK,3,0,0,0,15,16,16,14,24,31,37,35
1769368909.1348772,RIGHT,6,0,0,0,32,34,16,14,41,36,27,47
1769368914.1547356,UP,0,0,0,0,32,34,16,14,41,36,27,47
1769368919.177467,DOWN,0,0,0,0,23,29,27,27,23,18,33,32
1769368924.1977775,IDLE,0,0,0,0,10,23,17,21,16,29,29,28
1769368929.219461,CLICK,0,0,0,0,43,46,13,16,32,42,31,27
1769368934.2410822,LEFT,0,0,0,0,18,46,11,21,45,27,18,28
1769368939.2646096,IDLE,4,0,0,0,18,46,11,21,45,27,18,28
1769368944.2858815,CLICK,0,0,0,0,67,25,22,6,33,31,35,40
1769368949.3050327,RIGHT,0,0,0,0,67,25,22,6,33,31,35,40
1769368954.3292148,LEFT,0,0,0,0,26,13,10,28,31,32,23,22
1769368959.349119,IDLE,0,0,0,0,23,44,18,18,35,30,35,33
1769368964.3690057,DOWN,0,0,0,0,13,50,13,28,37,43,36,36
1769368969.390434,IDLE,1,0,0,0,13,26,10,8,44,29,31,37
1769368974.412366,RIGHT,7,0,0,0,34,26,22,19,32,29,29,31
1769368979.4331791,CLICK,0,0,0,0,34,26,22,19,32,29,29,31
1769368984.4534636,DOWN,13,0,0,0,10,32,19,8,27,21,31,36
1769368989.4757652,IDLE,0,0,0,0,10,32,19,8,27,21,31,36
1769368994.4960008,RIGHT,6,0,0,0,10,32,19,8,27,21,31,36
1769368999.5192294,RIGHT,0,0,0,0,24,31,31,15,32,39,33,40
1769369004.5430963,RIGHT,0,0,0,0,32,29,15,11,30,25,33,30
1769369009.566285,CLICK,4,0,0,0,31,70,18,41,31,34,42,39
1769369014.5880778,DOWN,4,0,0,0,31,70,18,41,31,34,42,39
1769369019.6103957,UP,0,42,53,0,26,39,16,30,32,27,33,26
1769369024.6315958,CLICK,7,0,0,0,21,22,21,9,36,44,23,23
1769369029.6559827,UP,0,0,0,0,21,22,21,9,36,44,23,23
1769369034.6776478,DOWN,4,0,0,0,27,56,22,30,39,54,29,41
1769369039.703266,CLICK,0,0,0,0,27,56,22,30,39,54,29,41
1769369044.7266252,IDLE,6,0,0,0,15,17,9,6,45,27,23,41
1769369049.748031,IDLE,13,0,0,0,9,17,28,19,28,30,34,31
1769369054.7697866,LEFT,6,0,0,0,9,17,28,19,28,30,34,31
1769369059.7909274,UP,11,0,0,0,19,56,36,15,46,25,29,34
1769369064.8126042,CLICK,1,0,0,0,17,29,15,18,44,19,31,36
1769369069.8339858,DOWN,0,0,0,0,17,29,15,18,44,19,31,36
1769369074.8558743,CLICK,4,0,0,0,8,25,16,16,29,34,34,40
1769369079.8809798,RIGHT,0,0,0,0,9,30,18,6,42,42,27,24
1769369084.9005785,IDLE,0,0,0,0,6,28,9,10,31,33,28,23
1769369089.9216387,IDLE,0,0,0,0,21,50,5,9,30,28,35,37
1769369094.9436622,DOWN,0,0,0,0,21,18,14,8,26,23,24,38
1769369099.964884,IDLE,2,0,0,0,26,31,9,16,25,26,46,29
1769369104.989981,CLICK,0,66,30,0,28,38,14,28,31,33,22,36
1769369110.0100389,UP,0,0,0,0,28,27,3,22,15,26,26,37
1769369115.0306923,DOWN,0,0,0,0,23,23,14,20,22,30,28,35
1769369120.0551472,LEFT,0,0,0,0,19,14,17,20,34,36,37,39
1769369125.076354,UP,0,0,0,0,20,18,29,21,26,29,26,29
1769369130.097856,IDLE,0,0,0,0,19,37,23,21,38,30,36,34
1769369135.1195753,IDLE,0,70,33,0,28,21,13,22,30,30,32,52
1769369140.1411126,UP,0,0,0,0,28,21,13,22,30,30,32,52
1769369145.1613946,RIGHT,0,0,0,0,30,24,7,19,17,31,25,18
1769369150.1825633,RIGHT,0,0,0,0,37,40,8,16,38,24,37,48
1769369155.2066245,RIGHT,0,0,0,0,8,19,16,32,47,25,32,39
1769369160.2303133,RIGHT,0,0,0,0,26,30,26,8,29,23,31,34
1769369165.2506242,DOWN,4,0,0,0,31,30,49,27,14,34,35,26
1769369170.2724876,DOWN,1,0,0,0,23,34,21,26,44,35,29,42
1769369175.2943556,LEFT,1,0,0,0,23,34,21,26,44,35,29,42
1769369180.3164463,CLICK,0,0,0,0,23,34,21,26,44,35,29,42
1769369185.3376822,RIGHT,12,0,0,0,17,37,16,17,35,21,37,59
1769369190.3611147,UP,0,0,0,0,24,35,5,15,32,29,31,23
1769369195.3842812,IDLE,0,80,31,0,8,45,6,15,38,39,30,47
1769369200.4078047,DOWN,12,0,0,0,34,21,21,25,33,15,28,33
1769369205.4308734,CLICK,0,0,0,0,25,23,11,8,25,18,32,36
1769369210.4514053,IDLE,0,0,0,0,27,42,8,24,35,33,34,20
1769369215.4713948,RIGHT,8,0,0,0,7,37,20,23,31,31,27,34
1769369220.4937124,IDLE,0,0,0,0,22,24,30,30,34,31,31,43
1769369225.5147333,RIGHT,0,0,0,0,12,32,28,28,29,32,30,29
1769369230.5345829,LEFT,0,0,0,0,13,25,12,15,22,19,28,26
1769369235.5555758,IDLE,11,0,0,0,18,26,5,12,46,20,47,32
1769369240.5768723,UP,0,0,0,0,24,44,14,18,30,43,26,31
1769369245.5971358,DOWN,7,0,0,0,30,12,23,9,40,26,37,32
1769369250.618492,UP,11,0,0,0,25,19,46,10,45,24,37,30
1769369255.6425805,LEFT,0,0,0,0,14,30,14,28,28,23,26,38
1769369260.66309,DOWN,0,0,0,0,25,16,21,22,22,24,31,12
1769369265.6846435,CLICK,0,0,0,0,15,12,20,21,25,28,23,34
1769369270.7082443,LEFT,0,0,0,0,20,37,24,18,46,39,32,36
1769369275.7287288,CLICK,0,0,0,0,11,29,10,10,36,41,32,38
1769369280.752432,LEFT,0,0,0,0,6,30,33,34,31,38,25,44
1769369285.7744775,CLICK,0,0,0,0,10,19,19,19,33,28,24,34
1769369290.796996,RIGHT,0,0,0,0,28,26,17,16,38,22,24,30
1769369295.8209784,IDLE,0,0,0,0,12,35,10,29,25,17,30,34
1769369300.8430634,LEFT,2,0,0,0,25,55,45,29,33,26,30,40
1769369305.8656073,RIGHT,0,63,45,0,22,35,19,10,42,29,35,30
1769369310.8872457,UP,0,0,0,0,37,22,15,26,28,31,37,40
1769369315.90825,LEFT,9,0,0,0,13,17,8,18,36,29,37,38
1769369320.9304483,IDLE,0,0,0,0,17,26,8,32,29,27,29,22
1769369325.9520984,CLICK,0,0,0,0,29,26,23,21,42,19,24,40
1769369330.9722865,RIGHT,0,0,0,0,60,30,13,13,24,33,27,34
